date,amount,merchant,category,description
2026-01-02,2351.38,Careem,Utilities,routine transaction
2026-01-02,2165.09,K-Electric,Utilities,routine transaction
2026-01-03,1584.01,Daraz,Transport,routine transaction
2026-01-04,2271.57,Daraz,Food,routine transaction
2026-01-05,1727.63,Daraz,Food,routine transaction
2026-01-05,25000.0,Landlord,Rent,monthly rent
2026-01-09,1674.49,Foodpanda,Transport,routine transaction
2026-01-13,2147.5,Foodpanda,Shopping,routine transaction
2026-01-13,1670.21,K-Electric,Utilities,routine transaction
2026-01-14,2311.12,Careem,Shopping,routine transaction
2026-01-15,2051.14,Daraz,Utilities,routine transaction
2026-01-18,2450.9,K-Electric,Transport,routine transaction
2026-01-21,2212.92,Foodpanda,Transport,routine transaction
2026-01-22,1993.28,Daraz,Transport,routine transaction
2026-01-22,1954.42,Foodpanda,Utilities,routine transaction
2026-01-23,2092.86,Daraz,Transport,routine transaction
2026-01-24,2376.23,Foodpanda,Food,routine transaction
2026-01-25,1837.43,K-Electric,Transport,routine transaction
2026-01-25,2348.57,Careem,Utilities,routine transaction
2026-01-26,2217.26,Careem,Shopping,routine transaction
2026-01-27,1938.19,K-Electric,Shopping,routine transaction
2026-02-01,1847.3,Daraz,Utilities,routine transaction
2026-02-02,2198.86,Daraz,Transport,routine transaction
2026-02-04,1653.67,K-Electric,Transport,routine transaction
2026-02-05,25000.0,Landlord,Rent,monthly rent
2026-02-09,1968.11,K-Electric,Transport,routine transaction
2026-02-12,2343.19,Careem,Transport,routine transaction
2026-02-12,1829.1,K-Electric,Utilities,routine transaction
2026-02-12,1735.23,Daraz,Transport,routine transaction
2026-02-14,1889.94,K-Electric,Food,routine transaction
2026-02-14,2192.3,Careem,Utilities,routine transaction
2026-02-14,1960.61,Careem,Food,routine transaction
2026-02-18,2234.49,Foodpanda,Utilities,routine transaction
2026-02-19,1812.24,Careem,Shopping,routine transaction
2026-02-20,1872.13,K-Electric,Transport,routine transaction
2026-02-22,2252.52,Daraz,Transport,routine transaction
2026-02-22,1860.51,Careem,Transport,routine transaction
2026-02-22,2250.24,Careem,Transport,routine transaction
2026-02-24,1866.05,K-Electric,Utilities,routine transaction
2026-02-26,1470.92,Foodpanda,Transport,routine transaction
2026-02-26,2159.91,Careem,Utilities,routine transaction
2026-02-27,1546.69,Daraz,Shopping,routine transaction
2026-03-01,2426.39,Foodpanda,Shopping,routine transaction
2026-03-02,2543.68,Foodpanda,Transport,routine transaction
2026-03-03,2798.69,K-Electric,Transport,routine transaction
2026-03-05,1421.58,Foodpanda,Shopping,routine transaction
2026-03-05,25000.0,Landlord,Rent,monthly rent
2026-03-12,2125.41,Careem,Food,routine transaction
2026-03-12,1604.18,Daraz,Utilities,routine transaction
2026-03-13,2519.69,Careem,Transport,routine transaction
2026-03-13,2107.08,Daraz,Transport,routine transaction
2026-03-14,2093.07,K-Electric,Transport,routine transaction
2026-03-15,1755.16,K-Electric,Transport,routine transaction
2026-03-16,1744.1,Careem,Shopping,routine transaction
2026-03-16,1911.11,Foodpanda,Shopping,routine transaction
2026-03-17,2640.71,Foodpanda,Utilities,routine transaction
2026-03-17,2071.71,Foodpanda,Shopping,routine transaction
2026-03-18,2585.32,Foodpanda,Food,routine transaction
2026-03-20,1619.99,Careem,Transport,routine transaction
2026-03-20,2095.09,Careem,Utilities,routine transaction
2026-03-22,2295.01,Daraz,Transport,routine transaction
2026-03-25,2336.12,K-Electric,Food,routine transaction
2026-03-27,1449.33,K-Electric,Utilities,routine transaction
2026-04-05,25000.0,Landlord,Rent,monthly rent
2026-04-15,120000.0,Unknown Crypto Exchange,Crypto,suspicious large transfer
2026-04-16,85000.0,Unknown Crypto Exchange,Crypto,suspicious large transfer
2026-04-18,95000.0,Unknown Crypto Exchange,Crypto,suspicious large transfer
